id;number;gsm_number;full_name;email
1;82925;concept radical;Cotton Facilitator frame;Atla.Bademci@hotmail.com
2;97726;next Stream;Account drive Refined;Alpyrk.Adal22@yahoo.com
3;97640;Incredible Iowa;Hampshire adapter Marino;Atkutlu35@hotmail.com
4;59458;Movies;port generate Refined;Erim.Abac@hotmail.com
5;93048;Uganda quantify;invoice;Bkebuyra_Topuolu@gmail.com
6;36552;Glens;Pound Sports program;Barsurungu_Sezek0@hotmail.com
7;91226;Marketing Concrete Station;system Kentucky;Boa.Bakrcolu26@hotmail.com
8;16323;Keyboard;Berkshire;Glmser75@hotmail.com
9;67878;Summit;Handcrafted back;Baraktre.Yldzolu@hotmail.com
10;61247;circuit;Operative Health cutting-edge;Kanc.Kuzucu53@hotmail.com
